Customer ID,Age,Gender,City,Country,Customer Acquisition Channel,Registration Date
CUST0001,33,Female,Hannover,Germany,Paid Search,2024-06-08
CUST0002,34,Female,The Hague,Netherlands,Google Ads,2025-10-09
CUST0003,58,Male,Nuremberg,Germany,Paid Search,2024-05-20
CUST0004,62,Male,Düsseldorf,Germany,Instagram,2023-06-10
CUST0005,34,Female,Salzburg,Austria,Facebook,2024-03-29
CUST0006,18,Male,Hannover,Germany,Direct,2024-05-10
CUST0007,48,Female,Innsbruck,Austria,Google Ads,2024-07-29
CUST0008,62,Male,Eindhoven,Netherlands,Paid Search,2025-05-24
CUST0009,32,Male,Ghent,Belgium,Google Ads,2023-01-06
CUST0010,22,Female,The Hague,Netherlands,Direct,2024-10-20
CUST0011,23,Male,Stuttgart,Germany,Instagram,2023-05-02
CUST0012,25,Female,Bremen,Germany,Influencer,2025-06-20
CUST0013,27,Male,Frankfurt,Germany,Paid Search,2023-07-09
CUST0014,27,Male,Cologne,Germany,Instagram,2025-08-14
CUST0015,47,Female,Tilburg,Netherlands,Instagram,2023-09-21
CUST0016,22,Female,Haarlem,Netherlands,Influencer,2023-08-02
CUST0017,20,Male,Cologne,Germany,Organic Search,2024-12-13
CUST0018,28,Female,Innsbruck,Austria,Google Ads,2023-07-23
CUST0019,36,Male,Linz,Austria,Email,2023-03-27
CUST0020,34,Female,Dortmund,Germany,Paid Search,2024-05-15
CUST0021,24,Male,Vienna,Austria,Referral,2025-06-28
CUST0022,44,Female,Eindhoven,Netherlands,Organic Search,2024-09-02
CUST0023,34,Female,Graz,Austria,Email,2025-01-14
CUST0024,29,Male,Nuremberg,Germany,Paid Search,2024-09-20
CUST0025,30,Female,Ghent,Belgium,Organic Search,2024-08-12
CUST0026,52,Male,Nuremberg,Germany,Paid Search,2023-06-01
CUST0027,29,Female,Leuven,Belgium,Organic Search,2025-06-30
CUST0028,32,Female,Graz,Austria,Organic Search,2025-11-26
CUST0029,31,Female,Frankfurt,Germany,Email,2025-01-10
CUST0030,33,Male,Berlin,Germany,Referral,2023-03-08
CUST0031,32,Male,Tilburg,Netherlands,Influencer,2025-12-15
CUST0032,31,Female,The Hague,Netherlands,Referral,2024-03-08
CUST0033,27,Male,Amsterdam,Netherlands,Referral,2024-04-17
CUST0034,45,Male,Hannover,Germany,Email,2024-08-02
CUST0035,31,Male,Frankfurt,Germany,Email,2023-06-16
CUST0036,30,Male,Berlin,Germany,Paid Search,2023-06-21
CUST0037,32,Female,Leipzig,Germany,Paid Search,2024-05-09
CUST0038,32,Male,Bruges,Belgium,Organic Search,2024-05-18
CUST0039,31,Male,Stuttgart,Germany,Instagram,2025-07-10
CUST0040,30,Male,Leipzig,Germany,Organic Search,2024-12-17
CUST0041,33,Male,Munich,Germany,Organic Search,2024-02-27
CUST0042,34,Female,Nuremberg,Germany,Email,2025-08-20
CUST0043,46,Female,Utrecht,Netherlands,Facebook,2025-01-14
CUST0044,46,Female,The Hague,Netherlands,Email,2024-02-16
CUST0045,27,Female,Antwerp,Belgium,Google Ads,2023-04-14
CUST0046,56,Female,Brussels,Belgium,Direct,2023-05-06
CUST0047,45,Male,Antwerp,Belgium,Organic Search,2023-08-07
CUST0048,28,Male,Liège,Belgium,Referral,2024-06-17
CUST0049,35,Female,Nuremberg,Germany,Paid Search,2023-08-16
CUST0050,35,Female,Nuremberg,Germany,Organic Search,2025-02-15
CUST0051,32,Male,Bremen,Germany,Google Ads,2024-11-24
CUST0052,58,Male,Salzburg,Austria,Google Ads,2023-01-22
CUST0053,32,Male,Cologne,Germany,Paid Search,2023-02-24
CUST0054,22,Male,Eindhoven,Netherlands,Google Ads,2025-09-02
CUST0055,23,Other / Prefer not to say,Tilburg,Netherlands,Email,2025-10-09
CUST0056,22,Female,Bremen,Germany,Direct,2025-04-06
CUST0057,38,Female,Nuremberg,Germany,Instagram,2025-03-28
CUST0058,28,Other / Prefer not to say,Nuremberg,Germany,Instagram,2025-11-18
CUST0059,34,Female,Cologne,Germany,Instagram,2023-02-05
CUST0060,32,Female,Klagenfurt,Austria,Paid Search,2023-01-08
CUST0061,37,Other / Prefer not to say,Amsterdam,Netherlands,Organic Search,2024-06-25
CUST0062,19,Female,Nuremberg,Germany,Email,2023-02-22
CUST0063,51,Female,Salzburg,Austria,Instagram,2023-01-26
CUST0064,23,Female,Salzburg,Austria,Organic Search,2023-12-22
CUST0065,40,Female,Antwerp,Belgium,Google Ads,2025-04-19
CUST0066,35,Female,Antwerp,Belgium,Facebook,2023-09-24
CUST0067,58,Male,Bremen,Germany,Direct,2024-01-09
CUST0068,30,Male,Berlin,Germany,Instagram,2024-11-23
CUST0069,32,Female,Dortmund,Germany,Direct,2025-08-16
CUST0070,26,Male,Nuremberg,Germany,Direct,2024-11-03
CUST0071,25,Female,Nuremberg,Germany,Organic Search,2025-04-10
CUST0072,22,Male,Cologne,Germany,Paid Search,2025-06-17
CUST0073,44,Female,Berlin,Germany,Instagram,2024-06-09
CUST0074,44,Female,Düsseldorf,Germany,Paid Search,2023-07-17
CUST0075,26,Female,Vienna,Austria,Google Ads,2023-09-16
CUST0076,29,Male,Hannover,Germany,Instagram,2023-07-18
CUST0077,21,Male,The Hague,Netherlands,Direct,2025-11-28
CUST0078,41,Female,Antwerp,Belgium,Organic Search,2025-02-13
CUST0079,21,Female,Tilburg,Netherlands,Google Ads,2024-10-08
CUST0080,36,Female,Bremen,Germany,Organic Search,2025-09-24
CUST0081,36,Male,Nuremberg,Germany,Organic Search,2023-05-09
CUST0082,24,Female,Bremen,Germany,Influencer,2025-07-13
CUST0083,31,Male,Salzburg,Austria,Paid Search,2023-04-28
CUST0084,22,Female,Nuremberg,Germany,Direct,2025-03-10
CUST0085,21,Female,Linz,Austria,Paid Search,2023-08-22
CUST0086,20,Female,Dortmund,Germany,Google Ads,2025-07-30
CUST0087,31,Female,Düsseldorf,Germany,Instagram,2025-05-20
CUST0088,22,Female,Hamburg,Germany,Google Ads,2023-04-16
CUST0089,38,Female,Berlin,Germany,Organic Search,2023-07-10
CUST0090,34,Male,Leipzig,Germany,Organic Search,2024-06-21
CUST0091,35,Male,Linz,Austria,Paid Search,2025-06-07
CUST0092,33,Female,Groningen,Netherlands,Paid Search,2024-07-03
CUST0093,45,Female,Bremen,Germany,Direct,2025-05-19
CUST0094,27,Female,Klagenfurt,Austria,Paid Search,2023-01-28
CUST0095,40,Male,Leipzig,Germany,Email,2025-03-17
CUST0096,47,Male,Stuttgart,Germany,Influencer,2023-08-30
CUST0097,26,Male,Groningen,Netherlands,Email,2025-10-23
CUST0098,33,Female,Utrecht,Netherlands,Instagram,2024-01-17
CUST0099,43,Other / Prefer not to say,Graz,Austria,Organic Search,2025-09-13
CUST0100,51,Female,The Hague,Netherlands,Paid Search,2024-12-07
CUST0101,31,Female,Leipzig,Germany,Referral,2025-09-11
CUST0102,32,Female,Salzburg,Austria,Direct,2025-01-26
CUST0103,28,Male,Antwerp,Belgium,Instagram,2024-04-26
CUST0104,38,Female,Innsbruck,Austria,Organic Search,2024-07-26
CUST0105,34,Female,Salzburg,Austria,Organic Search,2024-01-01
CUST0106,34,Female,Groningen,Netherlands,Email,2024-11-10
CUST0107,30,Male,Utrecht,Netherlands,Referral,2023-12-05
CUST0108,38,Female,Bremen,Germany,Organic Search,2025-08-28
CUST0109,35,Female,Nuremberg,Germany,Direct,2024-09-12
CUST0110,31,Other / Prefer not to say,Leipzig,Germany,Email,2024-12-17
CUST0111,43,Male,Salzburg,Austria,Organic Search,2025-05-06
CUST0112,37,Female,Stuttgart,Germany,Paid Search,2024-11-23
CUST0113,36,Male,Leipzig,Germany,Instagram,2024-05-21
CUST0114,26,Female,Düsseldorf,Germany,Paid Search,2023-02-22
CUST0115,29,Male,Eindhoven,Netherlands,Email,2025-01-11
CUST0116,57,Female,Leuven,Belgium,Direct,2024-05-26
CUST0117,34,Male,Haarlem,Netherlands,Email,2025-05-07
CUST0118,27,Other / Prefer not to say,Frankfurt,Germany,Paid Search,2025-08-26
CUST0119,45,Female,Brussels,Belgium,Instagram,2024-12-06
CUST0120,42,Female,Stuttgart,Germany,Referral,2025-01-03
CUST0121,42,Female,Nuremberg,Germany,Influencer,2024-07-08
CUST0122,37,Female,Munich,Germany,Instagram,2025-02-12
CUST0123,28,Female,Hannover,Germany,Referral,2023-02-12
CUST0124,39,Male,Antwerp,Belgium,Influencer,2023-11-18
CUST0125,47,Male,Cologne,Germany,Influencer,2025-07-09
CUST0126,30,Female,Hannover,Germany,Organic Search,2024-11-05
CUST0127,26,Male,Stuttgart,Germany,Instagram,2025-03-25
CUST0128,24,Male,Frankfurt,Germany,Instagram,2023-04-19
CUST0129,19,Male,Cologne,Germany,Influencer,2025-11-06
CUST0130,31,Male,Leuven,Belgium,Influencer,2024-07-01
CUST0131,46,Female,Dortmund,Germany,Email,2024-11-30
CUST0132,51,Female,Bremen,Germany,Instagram,2024-07-30
CUST0133,40,Female,Bremen,Germany,Organic Search,2024-05-10
CUST0134,31,Other / Prefer not to say,Bruges,Belgium,Instagram,2023-03-08
CUST0135,21,Female,Salzburg,Austria,Direct,2024-04-12
CUST0136,39,Female,Brussels,Belgium,Organic Search,2023-08-08
CUST0137,23,Female,Rotterdam,Netherlands,Organic Search,2025-04-30
CUST0138,20,Male,Cologne,Germany,Organic Search,2025-09-22
CUST0139,19,Female,Hannover,Germany,Instagram,2025-08-24
CUST0140,34,Male,Stuttgart,Germany,Organic Search,2025-06-27
CUST0141,33,Male,Hamburg,Germany,Influencer,2023-05-12
CUST0142,27,Male,Stuttgart,Germany,Referral,2025-01-17
CUST0143,18,Female,Dortmund,Germany,Organic Search,2024-03-22
CUST0144,23,Female,Linz,Austria,Facebook,2025-12-01
CUST0145,21,Female,Hannover,Germany,Organic Search,2023-07-12
CUST0146,23,Female,Leipzig,Germany,Instagram,2023-05-29
CUST0147,34,Male,Stuttgart,Germany,Paid Search,2023-11-22
CUST0148,36,Female,Liège,Belgium,Organic Search,2024-06-08
CUST0149,55,Male,The Hague,Netherlands,Paid Search,2023-04-20
CUST0150,43,Male,Vienna,Austria,Google Ads,2023-12-17
CUST0151,43,Female,Leipzig,Germany,Facebook,2023-11-05
CUST0152,36,Male,Amsterdam,Netherlands,Direct,2023-07-30
CUST0153,48,Female,Salzburg,Austria,Instagram,2025-08-07
CUST0154,57,Male,Frankfurt,Germany,Paid Search,2025-03-18
CUST0155,31,Male,The Hague,Netherlands,Instagram,2023-07-29
CUST0156,55,Female,Cologne,Germany,Organic Search,2025-04-17
CUST0157,27,Male,Hannover,Germany,Paid Search,2023-08-24
CUST0158,43,Female,Brussels,Belgium,Instagram,2024-12-19
CUST0159,41,Female,Bremen,Germany,Organic Search,2025-02-04
CUST0160,59,Male,Brussels,Belgium,Email,2023-01-03
CUST0161,47,Other / Prefer not to say,Frankfurt,Germany,Google Ads,2023-09-09
CUST0162,31,Female,Bruges,Belgium,Instagram,2024-01-15
CUST0163,26,Female,Graz,Austria,Instagram,2024-08-26
CUST0164,30,Female,Salzburg,Austria,Email,2023-07-30
CUST0165,35,Female,Rotterdam,Netherlands,Instagram,2023-10-20
CUST0166,34,Male,Ghent,Belgium,Organic Search,2024-05-31
CUST0167,31,Male,Munich,Germany,Influencer,2024-04-10
CUST0168,24,Female,Eindhoven,Netherlands,Organic Search,2024-02-08
CUST0169,25,Female,Stuttgart,Germany,Instagram,2023-12-11
CUST0170,47,Male,Haarlem,Netherlands,Influencer,2025-01-13
CUST0171,28,Female,Frankfurt,Germany,Instagram,2023-11-08
CUST0172,21,Male,The Hague,Netherlands,Email,2025-01-04
CUST0173,28,Female,Nuremberg,Germany,Instagram,2024-09-13
CUST0174,28,Female,Dortmund,Germany,Email,2025-01-17
CUST0175,32,Male,Frankfurt,Germany,Paid Search,2025-01-08
CUST0176,26,Male,Utrecht,Netherlands,Influencer,2024-08-06
CUST0177,31,Male,Stuttgart,Germany,Influencer,2025-02-25
CUST0178,26,Male,Eindhoven,Netherlands,Google Ads,2025-01-09
CUST0179,34,Other / Prefer not to say,Frankfurt,Germany,Paid Search,2025-04-03
CUST0180,39,Female,Stuttgart,Germany,Direct,2024-11-25
CUST0181,27,Female,Munich,Germany,Facebook,2025-01-10
CUST0182,36,Female,Nuremberg,Germany,Organic Search,2024-06-09
CUST0183,38,Female,Hamburg,Germany,Google Ads,2025-09-20
CUST0184,33,Female,Ghent,Belgium,Facebook,2024-02-12
CUST0185,30,Male,Stuttgart,Germany,Paid Search,2025-12-11
CUST0186,39,Female,Leipzig,Germany,Google Ads,2024-11-25
CUST0187,28,Female,Klagenfurt,Austria,Google Ads,2023-05-06
CUST0188,27,Male,Klagenfurt,Austria,Instagram,2024-12-09
CUST0189,19,Male,Amsterdam,Netherlands,Email,2023-04-19
CUST0190,25,Female,Tilburg,Netherlands,Direct,2025-11-29
CUST0191,21,Male,Eindhoven,Netherlands,Organic Search,2023-05-10
CUST0192,35,Male,Innsbruck,Austria,Referral,2025-12-16
CUST0193,25,Female,Munich,Germany,Influencer,2024-04-25
CUST0194,63,Male,Brussels,Belgium,Organic Search,2023-01-15
CUST0195,33,Female,Antwerp,Belgium,Google Ads,2024-07-09
CUST0196,48,Female,Ghent,Belgium,Referral,2023-10-30
CUST0197,37,Female,Salzburg,Austria,Referral,2025-09-23
CUST0198,44,Female,Antwerp,Belgium,Referral,2024-10-30
CUST0199,35,Female,Linz,Austria,Instagram,2023-08-09
CUST0200,37,Male,Bruges,Belgium,Instagram,2023-09-21
CUST0201,25,Female,Hannover,Germany,Facebook,2023-11-04
CUST0202,26,Female,Klagenfurt,Austria,Facebook,2024-03-19
CUST0203,41,Other / Prefer not to say,Munich,Germany,Facebook,2024-01-16
CUST0204,25,Female,Ghent,Belgium,Facebook,2025-08-30
CUST0205,35,Female,Stuttgart,Germany,Email,2023-11-18
CUST0206,27,Male,Bruges,Belgium,Referral,2025-07-15
CUST0207,43,Female,Cologne,Germany,Email,2024-07-28
CUST0208,26,Male,Eindhoven,Netherlands,Paid Search,2024-09-11
CUST0209,53,Male,Eindhoven,Netherlands,Email,2024-10-02
CUST0210,43,Male,Bruges,Belgium,Facebook,2025-02-19
CUST0211,31,Male,Munich,Germany,Referral,2024-12-23
CUST0212,41,Female,Leuven,Belgium,Referral,2025-01-08
CUST0213,47,Female,Ghent,Belgium,Email,2023-09-07
CUST0214,27,Female,Bremen,Germany,Paid Search,2024-06-29
CUST0215,28,Female,Hamburg,Germany,Instagram,2023-08-10
CUST0216,23,Other / Prefer not to say,Groningen,Netherlands,Influencer,2025-11-25
CUST0217,61,Male,Hannover,Germany,Paid Search,2023-12-14
CUST0218,48,Female,Cologne,Germany,Google Ads,2024-10-02
CUST0219,45,Male,Vienna,Austria,Facebook,2025-05-21
CUST0220,46,Female,Bremen,Germany,Organic Search,2023-05-18
CUST0221,26,Other / Prefer not to say,Klagenfurt,Austria,Paid Search,2025-07-14
CUST0222,28,Male,Bruges,Belgium,Direct,2024-07-14
CUST0223,59,Female,Eindhoven,Netherlands,Email,2024-12-07
CUST0224,34,Female,Dortmund,Germany,Organic Search,2024-11-09
CUST0225,57,Female,Frankfurt,Germany,Google Ads,2024-02-16
CUST0226,19,Female,Hamburg,Germany,Referral,2025-03-21
CUST0227,39,Female,Nuremberg,Germany,Organic Search,2025-02-24
CUST0228,33,Female,Hannover,Germany,Paid Search,2025-12-01
CUST0229,35,Male,Haarlem,Netherlands,Organic Search,2024-07-17
CUST0230,56,Female,Dortmund,Germany,Organic Search,2025-12-11
CUST0231,30,Female,Nuremberg,Germany,Instagram,2025-09-08
CUST0232,20,Female,Amsterdam,Netherlands,Email,2024-07-04
CUST0233,21,Female,Stuttgart,Germany,Paid Search,2025-01-30
CUST0234,34,Male,Cologne,Germany,Instagram,2025-12-11
CUST0235,38,Female,Leipzig,Germany,Referral,2024-07-09
CUST0236,24,Male,Klagenfurt,Austria,Direct,2024-07-23
CUST0237,35,Female,Nuremberg,Germany,Paid Search,2024-11-20
CUST0238,44,Female,Leuven,Belgium,Paid Search,2023-02-07
CUST0239,45,Male,Leipzig,Germany,Email,2024-09-23
CUST0240,38,Female,Bremen,Germany,Facebook,2025-07-21
CUST0241,33,Male,Stuttgart,Germany,Email,2025-11-02
CUST0242,50,Male,Bruges,Belgium,Organic Search,2023-04-28
CUST0243,30,Female,Groningen,Netherlands,Referral,2025-03-03
CUST0244,37,Female,Tilburg,Netherlands,Organic Search,2024-11-05
CUST0245,51,Female,The Hague,Netherlands,Organic Search,2024-04-07
CUST0246,28,Female,Eindhoven,Netherlands,Google Ads,2023-02-24
CUST0247,33,Male,Vienna,Austria,Influencer,2024-07-02
CUST0248,45,Male,Dortmund,Germany,Organic Search,2023-05-08
CUST0249,24,Female,Leipzig,Germany,Direct,2025-06-09
CUST0250,33,Male,Liège,Belgium,Organic Search,2024-11-19
CUST0251,30,Other / Prefer not to say,Leipzig,Germany,Influencer,2024-12-06
CUST0252,55,Male,Stuttgart,Germany,Influencer,2023-07-15
CUST0253,21,Female,Munich,Germany,Organic Search,2023-12-10
CUST0254,34,Male,Klagenfurt,Austria,Instagram,2024-10-31
CUST0255,38,Male,Bremen,Germany,Influencer,2023-11-22
CUST0256,37,Male,Dortmund,Germany,Instagram,2025-05-14
CUST0257,34,Female,The Hague,Netherlands,Instagram,2025-12-17
CUST0258,26,Male,Munich,Germany,Paid Search,2025-04-14
CUST0259,51,Female,Klagenfurt,Austria,Facebook,2023-04-13
CUST0260,50,Male,Bruges,Belgium,Direct,2023-01-22
CUST0261,20,Female,Leuven,Belgium,Google Ads,2024-06-18
CUST0262,24,Female,Brussels,Belgium,Influencer,2025-04-05
CUST0263,35,Male,Vienna,Austria,Organic Search,2024-06-27
CUST0264,25,Female,Frankfurt,Germany,Organic Search,2025-09-27
CUST0265,49,Female,Groningen,Netherlands,Direct,2024-09-30
CUST0266,29,Female,Hannover,Germany,Influencer,2023-12-17
CUST0267,25,Female,Utrecht,Netherlands,Paid Search,2024-11-10
CUST0268,34,Male,Brussels,Belgium,Influencer,2024-07-24
CUST0269,39,Female,Düsseldorf,Germany,Direct,2024-03-19
CUST0270,30,Female,Hannover,Germany,Organic Search,2025-06-28
CUST0271,21,Male,Bruges,Belgium,Instagram,2023-11-22
CUST0272,40,Female,Amsterdam,Netherlands,Direct,2025-04-12
CUST0273,45,Female,Utrecht,Netherlands,Organic Search,2025-03-12
CUST0274,29,Female,Nuremberg,Germany,Organic Search,2025-06-25
CUST0275,31,Female,Munich,Germany,Direct,2025-10-30
CUST0276,28,Male,Munich,Germany,Instagram,2024-04-25
CUST0277,30,Female,Innsbruck,Austria,Google Ads,2025-07-12
CUST0278,51,Female,Linz,Austria,Facebook,2023-08-20
CUST0279,40,Female,Leipzig,Germany,Organic Search,2023-01-17
CUST0280,36,Female,Antwerp,Belgium,Referral,2023-01-08
CUST0281,56,Male,Berlin,Germany,Paid Search,2025-07-10
CUST0282,35,Male,Haarlem,Netherlands,Google Ads,2025-12-16
CUST0283,27,Male,Frankfurt,Germany,Organic Search,2023-06-25
CUST0284,55,Male,Vienna,Austria,Organic Search,2023-10-19
CUST0285,57,Female,Vienna,Austria,Organic Search,2023-12-19
CUST0286,35,Female,Nuremberg,Germany,Paid Search,2025-12-15
CUST0287,30,Female,Amsterdam,Netherlands,Influencer,2023-07-04
CUST0288,37,Female,Frankfurt,Germany,Organic Search,2024-02-14
CUST0289,29,Female,Leuven,Belgium,Organic Search,2023-11-01
CUST0290,33,Male,Dortmund,Germany,Instagram,2025-01-13
CUST0291,34,Female,Linz,Austria,Direct,2023-11-25
CUST0292,31,Male,Düsseldorf,Germany,Instagram,2024-04-01
CUST0293,27,Male,Bremen,Germany,Google Ads,2023-01-29
CUST0294,27,Male,Düsseldorf,Germany,Referral,2025-01-10
CUST0295,27,Female,Klagenfurt,Austria,Email,2024-08-27
CUST0296,38,Female,Düsseldorf,Germany,Influencer,2023-01-04
CUST0297,25,Male,Berlin,Germany,Email,2023-10-26
CUST0298,40,Other / Prefer not to say,Amsterdam,Netherlands,Instagram,2025-01-26
CUST0299,41,Female,Hannover,Germany,Direct,2025-04-07
CUST0300,38,Female,The Hague,Netherlands,Facebook,2025-05-31
CUST0301,32,Female,Hamburg,Germany,Instagram,2023-06-25
CUST0302,59,Female,Stuttgart,Germany,Instagram,2025-11-09
CUST0303,26,Male,Vienna,Austria,Google Ads,2024-07-31
CUST0304,52,Male,Berlin,Germany,Referral,2023-03-11
CUST0305,33,Male,Linz,Austria,Email,2023-01-15
CUST0306,31,Male,Graz,Austria,Google Ads,2023-07-22
CUST0307,26,Male,Berlin,Germany,Referral,2024-10-29
CUST0308,18,Female,Stuttgart,Germany,Google Ads,2025-05-09
CUST0309,21,Other / Prefer not to say,Brussels,Belgium,Paid Search,2023-12-28
CUST0310,43,Female,Hannover,Germany,Referral,2025-06-11
CUST0311,36,Other / Prefer not to say,Brussels,Belgium,Referral,2025-08-08
CUST0312,38,Male,Rotterdam,Netherlands,Paid Search,2024-01-19
CUST0313,52,Male,Frankfurt,Germany,Organic Search,2024-09-25
CUST0314,20,Male,Leipzig,Germany,Organic Search,2023-07-25
CUST0315,45,Male,Nuremberg,Germany,Google Ads,2023-06-30
CUST0316,34,Male,Düsseldorf,Germany,Instagram,2023-10-04
CUST0317,29,Female,Hannover,Germany,Instagram,2024-03-08
CUST0318,41,Female,Utrecht,Netherlands,Direct,2023-06-12
CUST0319,20,Female,Vienna,Austria,Paid Search,2023-01-15
CUST0320,27,Female,Stuttgart,Germany,Influencer,2025-06-07
CUST0321,18,Female,Nuremberg,Germany,Instagram,2025-11-16
CUST0322,29,Female,Eindhoven,Netherlands,Organic Search,2024-12-19
CUST0323,48,Female,Düsseldorf,Germany,Organic Search,2024-11-19
CUST0324,24,Female,Frankfurt,Germany,Organic Search,2024-08-03
CUST0325,27,Female,Hamburg,Germany,Instagram,2024-07-10
CUST0326,37,Female,Ghent,Belgium,Instagram,2023-05-30
CUST0327,29,Male,Düsseldorf,Germany,Referral,2023-01-14
CUST0328,32,Female,Berlin,Germany,Influencer,2023-06-05
CUST0329,24,Female,Munich,Germany,Facebook,2024-10-06
CUST0330,31,Female,Hamburg,Germany,Organic Search,2023-11-21
CUST0331,35,Female,Klagenfurt,Austria,Paid Search,2024-10-04
CUST0332,28,Female,Cologne,Germany,Email,2024-07-14
CUST0333,31,Female,Leipzig,Germany,Email,2024-06-01
CUST0334,49,Female,Stuttgart,Germany,Organic Search,2024-06-24
CUST0335,26,Male,Leuven,Belgium,Influencer,2025-04-20
CUST0336,38,Male,Dortmund,Germany,Referral,2024-08-08
CUST0337,26,Male,Groningen,Netherlands,Instagram,2024-08-05
CUST0338,32,Female,Bruges,Belgium,Influencer,2025-07-06
CUST0339,60,Female,Vienna,Austria,Organic Search,2024-02-10
CUST0340,56,Female,Linz,Austria,Direct,2023-05-18
CUST0341,36,Female,Klagenfurt,Austria,Instagram,2024-09-02
CUST0342,24,Female,Cologne,Germany,Google Ads,2025-05-28
CUST0343,20,Female,Antwerp,Belgium,Influencer,2025-04-11
CUST0344,48,Female,Berlin,Germany,Paid Search,2024-09-06
CUST0345,27,Female,Dortmund,Germany,Facebook,2024-06-18
CUST0346,45,Female,Frankfurt,Germany,Direct,2023-01-27
CUST0347,41,Female,Utrecht,Netherlands,Paid Search,2025-05-31
CUST0348,29,Male,Stuttgart,Germany,Influencer,2024-08-30
CUST0349,39,Female,Stuttgart,Germany,Instagram,2024-05-10
CUST0350,36,Female,Bruges,Belgium,Referral,2025-07-23
CUST0351,52,Male,Vienna,Austria,Email,2025-04-20
CUST0352,20,Female,Rotterdam,Netherlands,Google Ads,2023-05-24
CUST0353,41,Male,The Hague,Netherlands,Organic Search,2024-04-14
CUST0354,60,Male,Haarlem,Netherlands,Instagram,2025-12-03
CUST0355,50,Male,Ghent,Belgium,Facebook,2023-05-02
CUST0356,37,Male,Brussels,Belgium,Influencer,2024-08-10
CUST0357,36,Female,Eindhoven,Netherlands,Paid Search,2024-07-15
CUST0358,25,Female,Stuttgart,Germany,Email,2023-09-25
CUST0359,35,Female,Leipzig,Germany,Facebook,2024-02-03
CUST0360,52,Female,Munich,Germany,Paid Search,2023-08-17
CUST0361,33,Male,Cologne,Germany,Organic Search,2024-11-14
CUST0362,35,Female,Düsseldorf,Germany,Email,2023-06-16
CUST0363,27,Female,Vienna,Austria,Influencer,2024-03-06
CUST0364,34,Female,Linz,Austria,Instagram,2023-04-30
CUST0365,40,Female,Munich,Germany,Direct,2023-07-25
CUST0366,48,Male,Klagenfurt,Austria,Influencer,2023-07-09
CUST0367,32,Male,Bremen,Germany,Paid Search,2024-04-13
CUST0368,30,Male,Haarlem,Netherlands,Google Ads,2024-06-10
CUST0369,33,Female,Hamburg,Germany,Organic Search,2024-12-14
CUST0370,41,Female,Groningen,Netherlands,Google Ads,2025-02-04
CUST0371,24,Female,Tilburg,Netherlands,Paid Search,2025-10-29
CUST0372,22,Female,Berlin,Germany,Email,2024-01-18
CUST0373,34,Male,Düsseldorf,Germany,Paid Search,2024-02-22
CUST0374,41,Male,Salzburg,Austria,Instagram,2024-11-24
CUST0375,36,Female,Cologne,Germany,Email,2024-10-24
CUST0376,46,Other / Prefer not to say,Liège,Belgium,Instagram,2024-06-28
CUST0377,26,Female,Salzburg,Austria,Google Ads,2024-06-26
CUST0378,29,Male,Vienna,Austria,Instagram,2023-12-10
CUST0379,40,Male,Düsseldorf,Germany,Facebook,2023-12-20
CUST0380,37,Male,Düsseldorf,Germany,Instagram,2024-03-29
CUST0381,25,Female,Dortmund,Germany,Paid Search,2023-07-15
CUST0382,24,Female,Innsbruck,Austria,Influencer,2023-05-26
CUST0383,33,Female,Hamburg,Germany,Email,2025-08-02
CUST0384,36,Female,Hamburg,Germany,Instagram,2025-01-23
CUST0385,38,Female,The Hague,Netherlands,Facebook,2023-01-22
CUST0386,21,Female,Rotterdam,Netherlands,Organic Search,2023-05-17
CUST0387,34,Female,Ghent,Belgium,Influencer,2024-01-14
CUST0388,21,Male,Vienna,Austria,Google Ads,2023-05-28
CUST0389,26,Female,Brussels,Belgium,Referral,2023-10-04
CUST0390,28,Female,The Hague,Netherlands,Paid Search,2025-06-09
CUST0391,51,Male,Frankfurt,Germany,Instagram,2025-04-27
CUST0392,32,Male,Nuremberg,Germany,Direct,2024-09-12
CUST0393,18,Female,Leipzig,Germany,Direct,2025-08-18
CUST0394,45,Female,Hannover,Germany,Organic Search,2023-06-30
CUST0395,26,Female,Antwerp,Belgium,Instagram,2024-11-11
CUST0396,30,Female,Berlin,Germany,Organic Search,2025-12-17
CUST0397,33,Male,Stuttgart,Germany,Paid Search,2025-01-13
CUST0398,26,Female,Düsseldorf,Germany,Direct,2023-04-19
CUST0399,37,Male,Groningen,Netherlands,Organic Search,2023-05-21
CUST0400,31,Female,Dortmund,Germany,Instagram,2024-03-08
CUST0401,21,Female,Groningen,Netherlands,Influencer,2025-01-21
CUST0402,25,Female,Ghent,Belgium,Instagram,2024-07-04
CUST0403,33,Female,Eindhoven,Netherlands,Influencer,2024-04-02
CUST0404,30,Male,Antwerp,Belgium,Influencer,2024-01-15
CUST0405,26,Female,Utrecht,Netherlands,Direct,2025-07-11
CUST0406,31,Male,Brussels,Belgium,Paid Search,2024-07-31
CUST0407,41,Female,Innsbruck,Austria,Google Ads,2024-10-20
CUST0408,65,Female,Rotterdam,Netherlands,Paid Search,2025-03-02
CUST0409,34,Female,Leipzig,Germany,Paid Search,2025-11-27
CUST0410,49,Male,Amsterdam,Netherlands,Instagram,2025-07-27
CUST0411,28,Male,Brussels,Belgium,Instagram,2025-06-29
CUST0412,30,Male,Munich,Germany,Influencer,2024-06-20
CUST0413,29,Female,Hamburg,Germany,Instagram,2024-01-12
CUST0414,40,Male,Haarlem,Netherlands,Organic Search,2024-06-30
CUST0415,50,Female,Hamburg,Germany,Direct,2024-01-04
CUST0416,29,Male,Tilburg,Netherlands,Facebook,2024-04-23
CUST0417,31,Male,Cologne,Germany,Facebook,2025-12-19
CUST0418,41,Male,Bruges,Belgium,Google Ads,2025-04-02
CUST0419,46,Female,Leipzig,Germany,Instagram,2025-05-20
CUST0420,25,Male,Brussels,Belgium,Instagram,2023-07-21
CUST0421,34,Female,Hannover,Germany,Instagram,2024-02-17
CUST0422,54,Male,Bremen,Germany,Google Ads,2023-07-05
CUST0423,39,Male,The Hague,Netherlands,Referral,2024-12-20
CUST0424,19,Female,Linz,Austria,Influencer,2023-12-09
CUST0425,22,Female,Innsbruck,Austria,Direct,2023-08-06
CUST0426,23,Other / Prefer not to say,Düsseldorf,Germany,Instagram,2024-06-19
CUST0427,31,Female,Hannover,Germany,Paid Search,2023-03-20
CUST0428,42,Female,Ghent,Belgium,Referral,2024-01-23
CUST0429,33,Male,Leipzig,Germany,Google Ads,2024-04-05
CUST0430,31,Female,Ghent,Belgium,Referral,2024-09-27
CUST0431,30,Female,Stuttgart,Germany,Paid Search,2024-10-23
CUST0432,43,Male,Leipzig,Germany,Organic Search,2024-07-10
CUST0433,34,Male,Hamburg,Germany,Direct,2024-06-25
CUST0434,45,Male,Amsterdam,Netherlands,Direct,2025-05-06
CUST0435,34,Female,Bruges,Belgium,Instagram,2024-04-07
CUST0436,25,Female,Leipzig,Germany,Instagram,2025-04-06
CUST0437,51,Male,Dortmund,Germany,Referral,2024-04-20
CUST0438,29,Male,Munich,Germany,Direct,2024-11-21
CUST0439,35,Female,Utrecht,Netherlands,Paid Search,2025-01-07
CUST0440,50,Male,Nuremberg,Germany,Google Ads,2023-12-09
CUST0441,38,Male,Dortmund,Germany,Paid Search,2025-12-08
CUST0442,51,Female,Hamburg,Germany,Organic Search,2023-01-17
CUST0443,28,Female,Bremen,Germany,Organic Search,2025-08-25
CUST0444,23,Male,Groningen,Netherlands,Organic Search,2025-07-16
CUST0445,29,Female,Eindhoven,Netherlands,Google Ads,2023-04-28
CUST0446,52,Male,Utrecht,Netherlands,Influencer,2025-01-03
CUST0447,35,Female,Salzburg,Austria,Referral,2025-07-16
CUST0448,22,Female,Tilburg,Netherlands,Referral,2023-01-13
CUST0449,40,Female,Leipzig,Germany,Referral,2025-12-07
CUST0450,47,Female,Leuven,Belgium,Email,2024-01-16
CUST0451,34,Female,Cologne,Germany,Email,2024-10-18
CUST0452,50,Female,Rotterdam,Netherlands,Google Ads,2025-05-04
CUST0453,26,Male,Tilburg,Netherlands,Organic Search,2024-12-27
CUST0454,26,Female,Antwerp,Belgium,Direct,2024-09-30
CUST0455,27,Male,Amsterdam,Netherlands,Influencer,2023-06-15
CUST0456,45,Male,Cologne,Germany,Influencer,2024-07-09
CUST0457,32,Male,Nuremberg,Germany,Paid Search,2023-04-30
CUST0458,37,Female,Hannover,Germany,Email,2024-09-30
CUST0459,30,Female,Eindhoven,Netherlands,Instagram,2023-12-02
CUST0460,20,Male,Haarlem,Netherlands,Organic Search,2025-08-04
CUST0461,34,Female,Munich,Germany,Influencer,2023-05-23
CUST0462,49,Female,Bremen,Germany,Referral,2023-09-20
CUST0463,18,Male,Frankfurt,Germany,Facebook,2024-07-02
CUST0464,21,Female,Hannover,Germany,Paid Search,2023-01-06
CUST0465,45,Female,Bruges,Belgium,Google Ads,2023-12-12
CUST0466,52,Female,Klagenfurt,Austria,Influencer,2024-03-31
CUST0467,25,Male,Innsbruck,Austria,Organic Search,2024-12-02
CUST0468,39,Female,Dortmund,Germany,Organic Search,2024-06-15
CUST0469,31,Male,Frankfurt,Germany,Referral,2025-10-15
CUST0470,28,Female,Dortmund,Germany,Influencer,2025-02-16
CUST0471,45,Female,Rotterdam,Netherlands,Facebook,2025-09-25
CUST0472,32,Female,Cologne,Germany,Email,2025-07-21
CUST0473,33,Male,Ghent,Belgium,Organic Search,2025-01-21
CUST0474,21,Female,Berlin,Germany,Google Ads,2024-07-13
CUST0475,26,Female,Innsbruck,Austria,Organic Search,2024-10-21
CUST0476,44,Female,Dortmund,Germany,Facebook,2025-09-14
CUST0477,24,Female,Munich,Germany,Paid Search,2023-03-14
CUST0478,45,Female,Bruges,Belgium,Paid Search,2024-01-05
CUST0479,50,Male,Haarlem,Netherlands,Facebook,2025-05-18
CUST0480,47,Female,Stuttgart,Germany,Instagram,2023-05-20
CUST0481,37,Female,Cologne,Germany,Direct,2023-12-08
CUST0482,39,Other / Prefer not to say,Leipzig,Germany,Referral,2024-09-29
CUST0483,34,Male,Haarlem,Netherlands,Email,2024-08-09
CUST0484,58,Female,Cologne,Germany,Google Ads,2023-06-06
CUST0485,33,Female,Cologne,Germany,Facebook,2023-07-17
CUST0486,25,Female,Hamburg,Germany,Organic Search,2023-05-11
CUST0487,36,Male,Bremen,Germany,Paid Search,2023-07-15
CUST0488,52,Female,Munich,Germany,Paid Search,2024-09-15
CUST0489,36,Female,Berlin,Germany,Facebook,2024-11-23
CUST0490,53,Male,Cologne,Germany,Referral,2024-04-27
CUST0491,28,Other / Prefer not to say,Hannover,Germany,Instagram,2025-09-28
CUST0492,27,Female,Ghent,Belgium,Direct,2025-12-01
CUST0493,26,Male,Innsbruck,Austria,Instagram,2024-07-11
CUST0494,35,Female,Nuremberg,Germany,Paid Search,2023-12-22
CUST0495,36,Female,Rotterdam,Netherlands,Referral,2024-03-09
CUST0496,47,Male,Frankfurt,Germany,Organic Search,2024-11-07
CUST0497,31,Female,Leipzig,Germany,Instagram,2025-06-16
CUST0498,30,Male,Nuremberg,Germany,Paid Search,2024-04-19
CUST0499,39,Female,Leuven,Belgium,Organic Search,2024-12-01
CUST0500,48,Female,Rotterdam,Netherlands,Email,2023-11-27
CUST0501,34,Male,Hannover,Germany,Google Ads,2024-03-13
CUST0502,56,Female,Haarlem,Netherlands,Organic Search,2025-04-11
CUST0503,42,Female,Tilburg,Netherlands,Organic Search,2023-09-27
CUST0504,32,Female,Düsseldorf,Germany,Facebook,2025-02-12
CUST0505,43,Male,Hannover,Germany,Instagram,2025-06-21
CUST0506,45,Female,Leuven,Belgium,Referral,2023-07-27
CUST0507,40,Male,Munich,Germany,Instagram,2025-08-19
CUST0508,48,Female,Innsbruck,Austria,Google Ads,2023-09-12
CUST0509,18,Other / Prefer not to say,Munich,Germany,Referral,2025-12-05
CUST0510,36,Female,Amsterdam,Netherlands,Influencer,2023-12-02
CUST0511,20,Male,Eindhoven,Netherlands,Paid Search,2023-07-28
CUST0512,27,Male,Berlin,Germany,Instagram,2025-05-29
CUST0513,38,Female,Haarlem,Netherlands,Paid Search,2024-07-09
CUST0514,43,Female,Dortmund,Germany,Instagram,2024-08-22
CUST0515,33,Female,Leipzig,Germany,Google Ads,2023-07-13
CUST0516,19,Male,Amsterdam,Netherlands,Organic Search,2023-07-06
CUST0517,41,Female,Rotterdam,Netherlands,Organic Search,2024-01-11
CUST0518,27,Female,Utrecht,Netherlands,Instagram,2023-03-14
CUST0519,30,Female,Linz,Austria,Organic Search,2024-05-12
CUST0520,28,Female,Klagenfurt,Austria,Paid Search,2024-12-15
CUST0521,19,Male,Amsterdam,Netherlands,Google Ads,2023-07-15
CUST0522,26,Female,Leuven,Belgium,Instagram,2024-07-17
CUST0523,35,Male,Leuven,Belgium,Paid Search,2023-03-03
CUST0524,52,Male,Bremen,Germany,Referral,2025-07-01
CUST0525,46,Female,Stuttgart,Germany,Referral,2025-12-08
CUST0526,34,Female,Hamburg,Germany,Organic Search,2025-11-05
CUST0527,46,Female,Berlin,Germany,Referral,2025-08-30
CUST0528,19,Female,Nuremberg,Germany,Influencer,2025-01-11
CUST0529,28,Female,Hamburg,Germany,Instagram,2025-06-25
CUST0530,18,Female,Eindhoven,Netherlands,Email,2025-10-25
CUST0531,25,Female,Bremen,Germany,Email,2023-01-02
CUST0532,33,Female,Hannover,Germany,Influencer,2024-04-23
CUST0533,39,Male,Antwerp,Belgium,Google Ads,2023-12-31
CUST0534,26,Male,Hannover,Germany,Google Ads,2024-08-09
CUST0535,43,Female,Tilburg,Netherlands,Paid Search,2024-12-08
CUST0536,48,Male,Amsterdam,Netherlands,Email,2024-02-28
CUST0537,45,Female,Stuttgart,Germany,Organic Search,2024-08-26
CUST0538,58,Female,Liège,Belgium,Google Ads,2024-03-28
CUST0539,45,Female,Frankfurt,Germany,Organic Search,2024-10-15
CUST0540,33,Male,Leuven,Belgium,Direct,2023-07-25
CUST0541,19,Female,Bremen,Germany,Referral,2023-07-01
CUST0542,62,Female,Bruges,Belgium,Google Ads,2024-09-28
CUST0543,29,Male,Nuremberg,Germany,Organic Search,2023-01-22
CUST0544,33,Female,Cologne,Germany,Facebook,2023-12-01
CUST0545,46,Female,The Hague,Netherlands,Instagram,2024-04-30
CUST0546,23,Male,Tilburg,Netherlands,Email,2025-12-16
CUST0547,48,Female,Vienna,Austria,Organic Search,2023-03-08
CUST0548,34,Other / Prefer not to say,Stuttgart,Germany,Google Ads,2025-02-06
CUST0549,43,Female,Hamburg,Germany,Direct,2023-03-27
CUST0550,54,Male,Linz,Austria,Facebook,2023-08-10
CUST0551,23,Male,Düsseldorf,Germany,Influencer,2023-06-20
CUST0552,20,Female,Leipzig,Germany,Instagram,2024-01-16
CUST0553,38,Male,Brussels,Belgium,Instagram,2023-12-14
CUST0554,53,Female,Ghent,Belgium,Referral,2023-01-07
CUST0555,40,Female,Cologne,Germany,Google Ads,2023-11-28
CUST0556,30,Female,Haarlem,Netherlands,Paid Search,2024-02-20
CUST0557,23,Female,Haarlem,Netherlands,Instagram,2025-09-28
CUST0558,54,Male,Utrecht,Netherlands,Instagram,2023-01-22
CUST0559,19,Female,Leuven,Belgium,Facebook,2025-05-31
CUST0560,41,Female,Berlin,Germany,Paid Search,2023-01-05
CUST0561,27,Female,Stuttgart,Germany,Instagram,2024-01-02
CUST0562,61,Female,Hamburg,Germany,Google Ads,2023-01-04
CUST0563,44,Female,Amsterdam,Netherlands,Instagram,2023-12-15
CUST0564,40,Other / Prefer not to say,Frankfurt,Germany,Instagram,2024-12-05
CUST0565,39,Male,Klagenfurt,Austria,Google Ads,2024-03-23
CUST0566,29,Male,Leuven,Belgium,Google Ads,2025-06-21
CUST0567,21,Male,Düsseldorf,Germany,Organic Search,2024-06-29
CUST0568,44,Male,Liège,Belgium,Instagram,2024-05-11
CUST0569,24,Male,Tilburg,Netherlands,Organic Search,2025-12-15
CUST0570,31,Other / Prefer not to say,Nuremberg,Germany,Organic Search,2025-03-05
CUST0571,29,Female,Hamburg,Germany,Influencer,2024-12-09
CUST0572,47,Male,Tilburg,Netherlands,Organic Search,2025-08-16
CUST0573,41,Female,Innsbruck,Austria,Organic Search,2025-05-10
CUST0574,29,Female,Haarlem,Netherlands,Referral,2024-03-24
CUST0575,34,Male,Salzburg,Austria,Paid Search,2024-11-01
CUST0576,35,Male,Bremen,Germany,Google Ads,2025-01-06
CUST0577,39,Female,Hamburg,Germany,Instagram,2025-04-18
CUST0578,28,Male,Berlin,Germany,Direct,2023-07-01
CUST0579,21,Male,Hamburg,Germany,Facebook,2024-08-09
CUST0580,22,Female,Hamburg,Germany,Organic Search,2025-01-20
CUST0581,20,Female,Leipzig,Germany,Organic Search,2023-11-04
CUST0582,24,Female,Vienna,Austria,Influencer,2024-12-18
CUST0583,26,Female,Hannover,Germany,Referral,2024-01-14
CUST0584,30,Female,Graz,Austria,Influencer,2025-03-21
CUST0585,21,Other / Prefer not to say,Groningen,Netherlands,Organic Search,2024-09-06
CUST0586,23,Male,Graz,Austria,Paid Search,2023-04-19
CUST0587,31,Female,Munich,Germany,Influencer,2024-03-30
CUST0588,34,Male,Berlin,Germany,Referral,2025-03-16
CUST0589,20,Male,Berlin,Germany,Facebook,2024-12-07
CUST0590,41,Female,Bruges,Belgium,Organic Search,2023-08-16
CUST0591,21,Female,Rotterdam,Netherlands,Instagram,2024-06-25
CUST0592,27,Female,Tilburg,Netherlands,Email,2025-12-16
CUST0593,39,Male,Hannover,Germany,Organic Search,2023-12-19
CUST0594,45,Female,Bremen,Germany,Organic Search,2024-05-26
CUST0595,38,Female,Salzburg,Austria,Google Ads,2024-07-15
CUST0596,32,Female,Vienna,Austria,Paid Search,2024-03-12
CUST0597,24,Female,Stuttgart,Germany,Instagram,2023-02-21
CUST0598,46,Female,Bremen,Germany,Instagram,2025-12-09
CUST0599,26,Male,Linz,Austria,Facebook,2024-11-08
CUST0600,21,Female,Vienna,Austria,Facebook,2025-08-04
CUST0601,51,Female,Stuttgart,Germany,Direct,2024-10-28
CUST0602,26,Male,Liège,Belgium,Influencer,2024-12-28
CUST0603,36,Female,Frankfurt,Germany,Organic Search,2025-08-17
CUST0604,25,Female,Groningen,Netherlands,Referral,2024-09-06
CUST0605,33,Male,Haarlem,Netherlands,Organic Search,2024-07-04
CUST0606,43,Female,Düsseldorf,Germany,Paid Search,2023-04-09
CUST0607,30,Male,Nuremberg,Germany,Direct,2025-10-31
CUST0608,50,Male,Rotterdam,Netherlands,Facebook,2025-06-30
CUST0609,34,Male,Frankfurt,Germany,Google Ads,2023-08-11
CUST0610,35,Male,Brussels,Belgium,Paid Search,2023-07-22
CUST0611,35,Male,Stuttgart,Germany,Referral,2025-12-07
CUST0612,42,Other / Prefer not to say,Frankfurt,Germany,Influencer,2025-12-16
CUST0613,31,Female,Düsseldorf,Germany,Referral,2024-04-20
CUST0614,58,Male,Nuremberg,Germany,Facebook,2024-09-16
CUST0615,34,Female,Hamburg,Germany,Referral,2025-11-10
CUST0616,27,Male,Utrecht,Netherlands,Referral,2023-11-22
CUST0617,26,Female,Leipzig,Germany,Email,2025-12-13
CUST0618,47,Male,Stuttgart,Germany,Google Ads,2023-05-18
CUST0619,32,Other / Prefer not to say,Bremen,Germany,Referral,2025-02-10
CUST0620,41,Female,Munich,Germany,Organic Search,2024-12-22
CUST0621,32,Male,Munich,Germany,Paid Search,2024-11-19
CUST0622,31,Female,Nuremberg,Germany,Paid Search,2023-01-17
CUST0623,42,Female,Hamburg,Germany,Email,2023-04-23
CUST0624,34,Male,Salzburg,Austria,Paid Search,2023-02-13
CUST0625,45,Male,Düsseldorf,Germany,Paid Search,2025-05-06
CUST0626,26,Male,Berlin,Germany,Instagram,2023-05-13
CUST0627,37,Female,Innsbruck,Austria,Email,2024-11-27
CUST0628,29,Female,Stuttgart,Germany,Facebook,2025-05-09
CUST0629,65,Male,Nuremberg,Germany,Direct,2024-10-01
CUST0630,28,Male,Leuven,Belgium,Instagram,2024-08-19
CUST0631,31,Male,Groningen,Netherlands,Google Ads,2023-12-09
CUST0632,47,Female,Berlin,Germany,Organic Search,2024-08-31
CUST0633,27,Male,Cologne,Germany,Email,2023-08-06
CUST0634,28,Female,Hannover,Germany,Direct,2025-06-27
CUST0635,30,Male,Groningen,Netherlands,Referral,2023-11-19
CUST0636,27,Female,Groningen,Netherlands,Influencer,2025-10-13
CUST0637,32,Female,Bremen,Germany,Instagram,2023-09-22
CUST0638,40,Female,Utrecht,Netherlands,Facebook,2025-02-24
CUST0639,25,Male,Hannover,Germany,Google Ads,2025-07-07
CUST0640,23,Male,Vienna,Austria,Referral,2023-01-12
CUST0641,45,Male,Stuttgart,Germany,Google Ads,2025-01-22
CUST0642,28,Male,Leipzig,Germany,Influencer,2024-04-24
CUST0643,32,Female,Linz,Austria,Instagram,2023-06-25
CUST0644,49,Female,Düsseldorf,Germany,Organic Search,2024-12-15
CUST0645,42,Male,Stuttgart,Germany,Google Ads,2023-08-21
CUST0646,47,Female,The Hague,Netherlands,Referral,2025-07-28
CUST0647,33,Male,Rotterdam,Netherlands,Direct,2024-12-11
CUST0648,33,Female,Berlin,Germany,Google Ads,2024-07-21
CUST0649,39,Female,Amsterdam,Netherlands,Organic Search,2023-05-28
CUST0650,19,Female,Bremen,Germany,Instagram,2023-03-05
CUST0651,19,Female,Dortmund,Germany,Organic Search,2023-07-09
CUST0652,56,Female,Leuven,Belgium,Google Ads,2023-02-19
CUST0653,42,Female,The Hague,Netherlands,Organic Search,2023-12-02
CUST0654,34,Male,Hannover,Germany,Google Ads,2024-10-14
CUST0655,42,Male,Cologne,Germany,Referral,2024-09-04
CUST0656,23,Male,Cologne,Germany,Direct,2025-06-19
CUST0657,38,Male,Brussels,Belgium,Direct,2025-01-17
CUST0658,25,Male,Bremen,Germany,Google Ads,2025-07-18
CUST0659,27,Female,Klagenfurt,Austria,Paid Search,2025-05-26
CUST0660,29,Male,The Hague,Netherlands,Google Ads,2023-11-18
CUST0661,39,Male,Ghent,Belgium,Instagram,2024-07-25
CUST0662,27,Male,Leuven,Belgium,Referral,2024-09-26
CUST0663,56,Male,Munich,Germany,Organic Search,2025-08-11
CUST0664,22,Male,Berlin,Germany,Organic Search,2024-04-07
CUST0665,46,Male,Antwerp,Belgium,Instagram,2024-10-27
CUST0666,45,Female,Brussels,Belgium,Referral,2025-01-17
CUST0667,36,Female,Munich,Germany,Direct,2024-11-14
CUST0668,28,Male,Nuremberg,Germany,Google Ads,2025-10-16
CUST0669,34,Female,Munich,Germany,Organic Search,2025-07-06
CUST0670,31,Male,Brussels,Belgium,Google Ads,2023-04-01
CUST0671,22,Female,Linz,Austria,Influencer,2025-03-27
CUST0672,29,Female,Cologne,Germany,Paid Search,2023-05-29
CUST0673,50,Female,Groningen,Netherlands,Google Ads,2023-07-12
CUST0674,25,Female,Munich,Germany,Facebook,2023-01-11
CUST0675,58,Male,Munich,Germany,Organic Search,2023-06-05
CUST0676,46,Female,Tilburg,Netherlands,Google Ads,2023-03-04
CUST0677,47,Female,Tilburg,Netherlands,Paid Search,2024-04-14
CUST0678,29,Female,Düsseldorf,Germany,Paid Search,2025-12-04
CUST0679,34,Female,Stuttgart,Germany,Organic Search,2023-12-17
CUST0680,34,Male,Groningen,Netherlands,Organic Search,2023-03-07
CUST0681,32,Male,Antwerp,Belgium,Instagram,2024-05-15
CUST0682,39,Female,Graz,Austria,Organic Search,2025-01-23
CUST0683,31,Male,Antwerp,Belgium,Google Ads,2024-12-28
CUST0684,45,Female,Bremen,Germany,Referral,2025-09-23
CUST0685,50,Male,Leipzig,Germany,Google Ads,2025-04-22
CUST0686,24,Female,Linz,Austria,Influencer,2023-06-25
CUST0687,23,Male,Salzburg,Austria,Instagram,2025-02-23
CUST0688,33,Male,Frankfurt,Germany,Instagram,2023-07-14
CUST0689,34,Other / Prefer not to say,Rotterdam,Netherlands,Email,2023-07-06
CUST0690,36,Female,Bremen,Germany,Direct,2024-12-28
CUST0691,25,Male,Hamburg,Germany,Organic Search,2024-04-25
CUST0692,48,Male,Haarlem,Netherlands,Referral,2024-11-24
CUST0693,31,Female,Graz,Austria,Paid Search,2025-05-11
CUST0694,21,Male,Tilburg,Netherlands,Email,2025-04-20
CUST0695,41,Male,Vienna,Austria,Influencer,2024-01-27
CUST0696,33,Female,Bremen,Germany,Paid Search,2023-02-28
CUST0697,47,Male,Linz,Austria,Direct,2024-11-30
CUST0698,32,Other / Prefer not to say,Hamburg,Germany,Google Ads,2024-09-19
CUST0699,35,Female,Haarlem,Netherlands,Google Ads,2025-11-13
CUST0700,45,Female,Berlin,Germany,Email,2025-03-02
CUST0701,33,Male,Amsterdam,Netherlands,Facebook,2025-03-18
CUST0702,48,Female,Munich,Germany,Direct,2024-07-27
CUST0703,39,Female,Düsseldorf,Germany,Organic Search,2023-08-22
CUST0704,39,Female,Berlin,Germany,Direct,2024-09-25
CUST0705,29,Female,Hamburg,Germany,Facebook,2025-10-09
CUST0706,42,Male,Innsbruck,Austria,Organic Search,2023-07-19
CUST0707,23,Male,Utrecht,Netherlands,Influencer,2025-03-07
CUST0708,32,Female,Innsbruck,Austria,Email,2024-09-18
CUST0709,46,Female,Amsterdam,Netherlands,Instagram,2025-11-27
CUST0710,26,Male,Ghent,Belgium,Direct,2023-08-01
CUST0711,39,Male,Utrecht,Netherlands,Google Ads,2024-01-18
CUST0712,32,Female,The Hague,Netherlands,Direct,2023-11-06
CUST0713,44,Female,Cologne,Germany,Instagram,2025-04-10
CUST0714,19,Female,Leuven,Belgium,Google Ads,2024-12-02
CUST0715,34,Male,Groningen,Netherlands,Direct,2024-05-02
CUST0716,20,Female,Munich,Germany,Referral,2025-06-30
CUST0717,44,Male,Liège,Belgium,Organic Search,2025-09-29
CUST0718,28,Male,Vienna,Austria,Organic Search,2024-02-27
CUST0719,19,Male,Linz,Austria,Facebook,2023-11-27
CUST0720,57,Female,Düsseldorf,Germany,Referral,2024-09-04
CUST0721,41,Male,Leuven,Belgium,Organic Search,2024-03-18
CUST0722,48,Male,Cologne,Germany,Facebook,2023-04-06
CUST0723,27,Female,Haarlem,Netherlands,Facebook,2025-02-21
CUST0724,46,Male,Rotterdam,Netherlands,Direct,2025-03-31
CUST0725,33,Female,Hannover,Germany,Instagram,2023-07-25
CUST0726,31,Female,Bremen,Germany,Organic Search,2023-11-17
CUST0727,31,Male,Hannover,Germany,Email,2023-12-12
CUST0728,42,Male,Dortmund,Germany,Google Ads,2025-03-22
CUST0729,24,Female,Munich,Germany,Instagram,2023-08-08
CUST0730,19,Female,Bremen,Germany,Paid Search,2024-06-29
CUST0731,31,Female,Vienna,Austria,Facebook,2023-08-30
CUST0732,41,Female,Cologne,Germany,Paid Search,2023-03-07
CUST0733,55,Male,Rotterdam,Netherlands,Instagram,2024-10-12
CUST0734,33,Male,Haarlem,Netherlands,Direct,2025-11-07
CUST0735,29,Male,Ghent,Belgium,Email,2023-06-17
CUST0736,39,Male,Vienna,Austria,Paid Search,2023-05-26
CUST0737,27,Female,The Hague,Netherlands,Direct,2025-01-03
CUST0738,35,Female,Nuremberg,Germany,Organic Search,2024-11-22
CUST0739,22,Female,Vienna,Austria,Google Ads,2025-10-19
CUST0740,47,Female,Klagenfurt,Austria,Facebook,2025-11-25
CUST0741,23,Female,Hamburg,Germany,Organic Search,2024-02-05
CUST0742,54,Female,Cologne,Germany,Referral,2024-10-26
CUST0743,34,Female,Hannover,Germany,Organic Search,2024-09-12
CUST0744,32,Male,Leuven,Belgium,Referral,2025-02-27
CUST0745,22,Male,Dortmund,Germany,Google Ads,2023-11-06
CUST0746,31,Female,Vienna,Austria,Organic Search,2025-03-07
CUST0747,24,Female,Düsseldorf,Germany,Paid Search,2024-01-24
CUST0748,34,Other / Prefer not to say,Frankfurt,Germany,Referral,2024-11-30
CUST0749,35,Female,Munich,Germany,Paid Search,2024-01-02
CUST0750,43,Other / Prefer not to say,Dortmund,Germany,Direct,2023-11-13
CUST0751,28,Male,Hamburg,Germany,Paid Search,2023-11-19
CUST0752,26,Female,Graz,Austria,Influencer,2023-05-16
CUST0753,31,Female,Bruges,Belgium,Direct,2025-04-17
CUST0754,34,Female,Utrecht,Netherlands,Organic Search,2024-10-16
CUST0755,22,Female,Hannover,Germany,Google Ads,2023-07-30
CUST0756,39,Other / Prefer not to say,Dortmund,Germany,Referral,2024-09-14
CUST0757,52,Other / Prefer not to say,Frankfurt,Germany,Organic Search,2023-03-03
CUST0758,52,Female,Salzburg,Austria,Email,2025-09-12
CUST0759,23,Female,Salzburg,Austria,Paid Search,2024-04-17
CUST0760,37,Female,Nuremberg,Germany,Organic Search,2025-01-23
CUST0761,33,Female,Bruges,Belgium,Organic Search,2024-07-28
CUST0762,25,Male,Hannover,Germany,Paid Search,2023-01-16
CUST0763,25,Female,Hamburg,Germany,Paid Search,2023-06-04
CUST0764,55,Other / Prefer not to say,Leuven,Belgium,Organic Search,2024-02-12
CUST0765,23,Female,Tilburg,Netherlands,Google Ads,2025-11-28
CUST0766,53,Female,The Hague,Netherlands,Influencer,2025-02-25
CUST0767,31,Female,Ghent,Belgium,Organic Search,2025-11-26
CUST0768,29,Female,The Hague,Netherlands,Organic Search,2023-08-10
CUST0769,58,Female,Berlin,Germany,Facebook,2023-06-13
CUST0770,46,Female,Hamburg,Germany,Instagram,2025-05-27
CUST0771,45,Female,Hannover,Germany,Paid Search,2025-11-27
CUST0772,23,Female,Tilburg,Netherlands,Facebook,2024-12-08
CUST0773,20,Female,The Hague,Netherlands,Email,2023-03-07
CUST0774,29,Female,Stuttgart,Germany,Email,2024-06-12
CUST0775,51,Male,Leipzig,Germany,Google Ads,2025-09-27
CUST0776,30,Female,Eindhoven,Netherlands,Influencer,2024-12-31
CUST0777,20,Female,Haarlem,Netherlands,Facebook,2025-02-25
CUST0778,30,Male,Hamburg,Germany,Google Ads,2024-11-25
CUST0779,29,Female,Haarlem,Netherlands,Facebook,2025-07-18
CUST0780,48,Male,Berlin,Germany,Google Ads,2025-11-29
CUST0781,31,Male,Cologne,Germany,Google Ads,2025-11-28
CUST0782,46,Male,Frankfurt,Germany,Facebook,2023-07-03
CUST0783,39,Male,Hannover,Germany,Google Ads,2024-09-28
CUST0784,39,Male,Antwerp,Belgium,Organic Search,2025-11-07
CUST0785,19,Female,Eindhoven,Netherlands,Influencer,2025-05-20
CUST0786,38,Female,Dortmund,Germany,Instagram,2025-05-10
CUST0787,37,Female,Stuttgart,Germany,Facebook,2024-12-07
CUST0788,21,Female,Hamburg,Germany,Influencer,2025-09-07
CUST0789,45,Male,Berlin,Germany,Influencer,2023-11-19
CUST0790,29,Female,Hamburg,Germany,Facebook,2025-07-30
CUST0791,29,Female,Eindhoven,Netherlands,Referral,2024-11-06
CUST0792,31,Male,Munich,Germany,Organic Search,2025-09-20
CUST0793,23,Female,Brussels,Belgium,Influencer,2024-08-24
CUST0794,32,Male,Groningen,Netherlands,Direct,2025-11-12
CUST0795,24,Female,Nuremberg,Germany,Referral,2023-10-28
CUST0796,22,Female,Cologne,Germany,Google Ads,2025-07-22
CUST0797,44,Female,Munich,Germany,Organic Search,2025-05-01
CUST0798,25,Female,Salzburg,Austria,Instagram,2023-01-11
CUST0799,31,Male,Bremen,Germany,Influencer,2023-06-16
CUST0800,33,Male,Vienna,Austria,Paid Search,2024-11-16
CUST0801,39,Other / Prefer not to say,Frankfurt,Germany,Influencer,2025-03-16
CUST0802,47,Female,Stuttgart,Germany,Organic Search,2023-12-14
CUST0803,23,Male,Cologne,Germany,Email,2023-07-02
CUST0804,28,Female,Haarlem,Netherlands,Google Ads,2024-11-17
CUST0805,47,Male,Nuremberg,Germany,Facebook,2024-12-11
CUST0806,24,Male,Nuremberg,Germany,Google Ads,2025-11-25
CUST0807,32,Male,The Hague,Netherlands,Email,2023-12-11
CUST0808,24,Female,Munich,Germany,Organic Search,2024-12-21
CUST0809,32,Female,Hannover,Germany,Referral,2024-07-24
CUST0810,29,Female,Ghent,Belgium,Paid Search,2024-11-24
CUST0811,39,Male,Leipzig,Germany,Paid Search,2023-01-12
CUST0812,35,Female,Frankfurt,Germany,Facebook,2025-01-02
CUST0813,41,Female,Salzburg,Austria,Organic Search,2024-10-10
CUST0814,25,Female,Dortmund,Germany,Paid Search,2025-07-26
CUST0815,26,Other / Prefer not to say,Bremen,Germany,Google Ads,2023-12-04
CUST0816,18,Female,Rotterdam,Netherlands,Google Ads,2024-11-07
CUST0817,36,Female,Berlin,Germany,Email,2025-01-01
CUST0818,35,Male,Bruges,Belgium,Referral,2025-02-27
CUST0819,28,Male,Graz,Austria,Organic Search,2025-02-09
CUST0820,25,Female,Antwerp,Belgium,Organic Search,2025-07-12
CUST0821,52,Female,Nuremberg,Germany,Influencer,2023-06-07
CUST0822,46,Female,Hannover,Germany,Paid Search,2024-07-26
CUST0823,37,Other / Prefer not to say,Dortmund,Germany,Organic Search,2023-10-30
CUST0824,39,Female,Munich,Germany,Instagram,2024-04-18
CUST0825,40,Male,Utrecht,Netherlands,Instagram,2024-02-05
CUST0826,32,Female,Tilburg,Netherlands,Instagram,2023-02-01
CUST0827,22,Female,Groningen,Netherlands,Influencer,2025-07-09
CUST0828,23,Female,Cologne,Germany,Organic Search,2025-06-15
CUST0829,52,Male,Hamburg,Germany,Influencer,2023-07-01
CUST0830,35,Male,Dortmund,Germany,Organic Search,2025-12-02
CUST0831,30,Male,Frankfurt,Germany,Google Ads,2025-02-16
CUST0832,20,Male,Utrecht,Netherlands,Influencer,2024-04-08
CUST0833,18,Female,Frankfurt,Germany,Email,2024-12-21
CUST0834,25,Female,Stuttgart,Germany,Instagram,2024-09-11
CUST0835,29,Female,Eindhoven,Netherlands,Email,2025-07-04
CUST0836,24,Male,Cologne,Germany,Influencer,2024-03-14
CUST0837,38,Female,Frankfurt,Germany,Instagram,2023-12-05
CUST0838,34,Male,Frankfurt,Germany,Direct,2024-09-26
CUST0839,56,Female,Salzburg,Austria,Email,2025-04-23
CUST0840,43,Other / Prefer not to say,Stuttgart,Germany,Instagram,2024-07-17
CUST0841,29,Female,Eindhoven,Netherlands,Paid Search,2025-03-03
CUST0842,30,Male,Stuttgart,Germany,Paid Search,2025-03-24
CUST0843,42,Female,Hannover,Germany,Instagram,2025-11-29
CUST0844,25,Female,Utrecht,Netherlands,Direct,2024-10-01
CUST0845,30,Female,Leuven,Belgium,Google Ads,2023-06-29
CUST0846,33,Female,Leipzig,Germany,Facebook,2024-02-02
CUST0847,27,Male,Eindhoven,Netherlands,Referral,2024-07-27
CUST0848,48,Female,The Hague,Netherlands,Organic Search,2023-01-18
CUST0849,41,Female,Groningen,Netherlands,Organic Search,2025-06-22
CUST0850,32,Male,Klagenfurt,Austria,Instagram,2023-08-19
CUST0851,29,Male,Ghent,Belgium,Organic Search,2025-03-12
CUST0852,24,Female,Hannover,Germany,Referral,2024-12-13
CUST0853,31,Female,Graz,Austria,Influencer,2024-10-19
CUST0854,33,Female,Nuremberg,Germany,Email,2025-01-30
CUST0855,18,Female,Hannover,Germany,Facebook,2025-11-27
CUST0856,33,Male,Düsseldorf,Germany,Referral,2023-11-06
CUST0857,19,Female,Dortmund,Germany,Instagram,2024-12-01
CUST0858,57,Female,Brussels,Belgium,Direct,2025-01-12
CUST0859,48,Female,Frankfurt,Germany,Direct,2025-09-12
CUST0860,28,Male,Leuven,Belgium,Organic Search,2023-01-05
CUST0861,32,Female,Brussels,Belgium,Influencer,2025-12-08
CUST0862,27,Male,Dortmund,Germany,Email,2023-10-26
CUST0863,31,Female,Groningen,Netherlands,Direct,2023-06-16
CUST0864,36,Male,Cologne,Germany,Direct,2023-09-11
CUST0865,25,Male,Dortmund,Germany,Paid Search,2024-04-27
CUST0866,49,Male,Klagenfurt,Austria,Instagram,2023-10-27
CUST0867,31,Female,Antwerp,Belgium,Email,2024-12-16
CUST0868,32,Male,Antwerp,Belgium,Instagram,2024-08-25
CUST0869,42,Female,Innsbruck,Austria,Organic Search,2024-07-04
CUST0870,50,Male,Bremen,Germany,Google Ads,2024-06-22
CUST0871,26,Female,Nuremberg,Germany,Email,2025-12-06
CUST0872,23,Female,Eindhoven,Netherlands,Organic Search,2023-11-23
CUST0873,21,Female,Frankfurt,Germany,Organic Search,2025-07-21
CUST0874,29,Male,Stuttgart,Germany,Referral,2025-03-03
CUST0875,22,Female,Dortmund,Germany,Google Ads,2025-03-01
CUST0876,40,Other / Prefer not to say,Leipzig,Germany,Organic Search,2024-07-08
CUST0877,25,Other / Prefer not to say,Antwerp,Belgium,Google Ads,2024-09-29
CUST0878,22,Female,Stuttgart,Germany,Instagram,2024-11-27
CUST0879,24,Female,Berlin,Germany,Referral,2023-03-10
CUST0880,45,Female,Ghent,Belgium,Email,2024-04-19
CUST0881,31,Male,Klagenfurt,Austria,Email,2023-01-21
CUST0882,53,Female,Dortmund,Germany,Instagram,2025-11-24
CUST0883,33,Female,Liège,Belgium,Google Ads,2025-12-17
CUST0884,47,Male,Ghent,Belgium,Paid Search,2023-03-15
CUST0885,41,Male,Graz,Austria,Direct,2024-04-13
CUST0886,32,Male,Klagenfurt,Austria,Organic Search,2024-01-28
CUST0887,30,Female,Nuremberg,Germany,Organic Search,2023-06-15
CUST0888,50,Female,Haarlem,Netherlands,Organic Search,2025-08-20
CUST0889,27,Female,Munich,Germany,Google Ads,2023-06-12
CUST0890,56,Male,Leuven,Belgium,Referral,2023-04-13
CUST0891,34,Female,Munich,Germany,Direct,2024-02-11
CUST0892,18,Male,Stuttgart,Germany,Instagram,2023-07-23
CUST0893,45,Female,Amsterdam,Netherlands,Influencer,2025-08-28
CUST0894,20,Female,Klagenfurt,Austria,Instagram,2023-11-25
CUST0895,33,Female,Düsseldorf,Germany,Instagram,2024-09-26
CUST0896,40,Female,Innsbruck,Austria,Instagram,2025-07-03
CUST0897,23,Female,Leipzig,Germany,Instagram,2024-02-28
CUST0898,36,Male,Düsseldorf,Germany,Instagram,2023-06-30
CUST0899,36,Male,Düsseldorf,Germany,Direct,2024-03-06
CUST0900,26,Female,Graz,Austria,Direct,2024-11-21
CUST0901,19,Male,Linz,Austria,Google Ads,2023-02-24
CUST0902,57,Male,Graz,Austria,Organic Search,2024-05-20
CUST0903,31,Male,Bremen,Germany,Instagram,2023-09-06
CUST0904,27,Female,Ghent,Belgium,Direct,2024-01-06
CUST0905,26,Female,Stuttgart,Germany,Influencer,2025-10-19
CUST0906,33,Male,Antwerp,Belgium,Email,2023-08-06
CUST0907,40,Female,Salzburg,Austria,Paid Search,2025-01-13
CUST0908,24,Male,Frankfurt,Germany,Paid Search,2023-11-21
CUST0909,46,Male,Dortmund,Germany,Organic Search,2024-11-18
CUST0910,38,Female,Frankfurt,Germany,Facebook,2023-10-12
CUST0911,35,Male,Cologne,Germany,Google Ads,2025-08-01
CUST0912,30,Female,Linz,Austria,Facebook,2023-03-24
CUST0913,33,Female,Frankfurt,Germany,Paid Search,2024-01-03
CUST0914,28,Male,Hamburg,Germany,Google Ads,2025-07-02
CUST0915,26,Female,Frankfurt,Germany,Instagram,2025-04-02
CUST0916,33,Female,Bremen,Germany,Facebook,2025-02-25
CUST0917,32,Female,Innsbruck,Austria,Organic Search,2024-03-05
CUST0918,49,Female,Munich,Germany,Google Ads,2024-03-29
CUST0919,26,Female,Groningen,Netherlands,Paid Search,2025-06-04
CUST0920,44,Female,Antwerp,Belgium,Direct,2023-03-19
CUST0921,34,Female,Bremen,Germany,Instagram,2025-06-08
CUST0922,30,Female,Berlin,Germany,Organic Search,2024-08-30
CUST0923,61,Female,Leipzig,Germany,Google Ads,2024-09-17
CUST0924,25,Male,Eindhoven,Netherlands,Instagram,2023-02-02
CUST0925,37,Male,Brussels,Belgium,Organic Search,2023-03-14
CUST0926,50,Other / Prefer not to say,The Hague,Netherlands,Facebook,2024-02-07
CUST0927,54,Female,Graz,Austria,Email,2023-01-26
CUST0928,41,Female,Frankfurt,Germany,Paid Search,2024-12-30
CUST0929,34,Female,Nuremberg,Germany,Facebook,2025-10-30
CUST0930,36,Male,Eindhoven,Netherlands,Email,2025-07-09
CUST0931,47,Male,Groningen,Netherlands,Referral,2023-01-21
CUST0932,29,Female,Bremen,Germany,Direct,2025-09-17
CUST0933,60,Male,Nuremberg,Germany,Paid Search,2023-12-16
CUST0934,31,Female,Munich,Germany,Direct,2025-05-14
CUST0935,30,Male,Tilburg,Netherlands,Email,2023-01-16
CUST0936,55,Male,Klagenfurt,Austria,Instagram,2025-03-31
CUST0937,43,Male,Hannover,Germany,Paid Search,2024-08-27
CUST0938,23,Female,Ghent,Belgium,Direct,2023-11-26
CUST0939,31,Female,Eindhoven,Netherlands,Influencer,2024-04-02
CUST0940,31,Female,Salzburg,Austria,Organic Search,2024-06-13
CUST0941,34,Male,Dortmund,Germany,Google Ads,2023-06-15
CUST0942,36,Female,Bruges,Belgium,Facebook,2024-10-02
CUST0943,43,Female,Innsbruck,Austria,Referral,2025-12-16
CUST0944,46,Female,Hannover,Germany,Organic Search,2024-04-25
CUST0945,27,Male,Utrecht,Netherlands,Direct,2025-12-01
CUST0946,52,Female,Berlin,Germany,Instagram,2024-11-06
CUST0947,47,Male,Hamburg,Germany,Email,2025-12-21
CUST0948,29,Other / Prefer not to say,Eindhoven,Netherlands,Organic Search,2023-04-11
CUST0949,46,Male,Groningen,Netherlands,Organic Search,2023-02-15
CUST0950,22,Male,Bremen,Germany,Email,2025-10-01
CUST0951,32,Female,Frankfurt,Germany,Instagram,2024-01-16
CUST0952,26,Female,Stuttgart,Germany,Referral,2024-04-02
CUST0953,43,Female,Cologne,Germany,Organic Search,2025-03-08
CUST0954,41,Female,Cologne,Germany,Referral,2024-07-10
CUST0955,57,Female,Ghent,Belgium,Google Ads,2023-03-16
CUST0956,25,Male,Groningen,Netherlands,Email,2025-01-23
CUST0957,28,Other / Prefer not to say,Amsterdam,Netherlands,Referral,2024-05-22
CUST0958,24,Male,Stuttgart,Germany,Instagram,2025-01-20
CUST0959,32,Female,Tilburg,Netherlands,Direct,2023-08-25
CUST0960,28,Male,Bremen,Germany,Paid Search,2024-11-30
CUST0961,35,Male,Haarlem,Netherlands,Direct,2025-04-08
CUST0962,44,Female,Munich,Germany,Google Ads,2023-02-18
CUST0963,23,Female,Haarlem,Netherlands,Email,2025-11-10
CUST0964,37,Male,Munich,Germany,Influencer,2024-12-02
CUST0965,43,Female,Haarlem,Netherlands,Direct,2024-02-03
CUST0966,27,Female,Haarlem,Netherlands,Referral,2024-06-26
CUST0967,46,Male,Stuttgart,Germany,Referral,2024-10-17
CUST0968,45,Female,Antwerp,Belgium,Facebook,2025-04-23
CUST0969,32,Female,Innsbruck,Austria,Google Ads,2025-05-06
CUST0970,18,Male,Vienna,Austria,Google Ads,2023-10-16
CUST0971,30,Male,Utrecht,Netherlands,Facebook,2023-10-07
CUST0972,46,Other / Prefer not to say,Antwerp,Belgium,Referral,2023-10-18
CUST0973,38,Male,Munich,Germany,Email,2025-05-04
CUST0974,45,Male,The Hague,Netherlands,Email,2024-09-23
CUST0975,28,Female,Ghent,Belgium,Email,2025-12-01
CUST0976,31,Female,Leipzig,Germany,Google Ads,2024-08-30
CUST0977,20,Male,Frankfurt,Germany,Direct,2025-08-10
CUST0978,26,Female,Berlin,Germany,Email,2025-12-12
CUST0979,59,Female,Düsseldorf,Germany,Email,2023-04-06
CUST0980,19,Other / Prefer not to say,Bremen,Germany,Direct,2023-12-28
CUST0981,34,Female,Stuttgart,Germany,Organic Search,2025-01-17
CUST0982,43,Male,Utrecht,Netherlands,Google Ads,2023-06-19
CUST0983,30,Male,Hamburg,Germany,Referral,2025-11-15
CUST0984,32,Female,Dortmund,Germany,Organic Search,2023-05-15
CUST0985,39,Female,Munich,Germany,Direct,2025-09-28
CUST0986,21,Female,Nuremberg,Germany,Google Ads,2024-12-06
CUST0987,24,Male,Nuremberg,Germany,Instagram,2024-11-22
CUST0988,37,Female,Leipzig,Germany,Instagram,2025-01-11
CUST0989,44,Female,Frankfurt,Germany,Facebook,2025-05-27
CUST0990,23,Female,Leuven,Belgium,Email,2025-05-20
CUST0991,34,Other / Prefer not to say,Salzburg,Austria,Organic Search,2024-03-15
CUST0992,51,Female,Amsterdam,Netherlands,Facebook,2024-03-26
CUST0993,51,Female,Brussels,Belgium,Referral,2025-01-28
CUST0994,28,Male,Hannover,Germany,Instagram,2025-02-28
CUST0995,44,Female,Tilburg,Netherlands,Google Ads,2024-06-07
CUST0996,21,Female,Haarlem,Netherlands,Instagram,2025-08-23
CUST0997,29,Male,Munich,Germany,Paid Search,2024-01-14
CUST0998,31,Female,Stuttgart,Germany,Organic Search,2025-04-02
CUST0999,23,Female,Berlin,Germany,Referral,2025-08-09
CUST1000,30,Female,Vienna,Austria,Google Ads,2025-04-07
